{
    "Еда": 0.16666666666666666,
    "вапрол": 0.16666666666666666,
    "вапролукепро": 0.16666666666666666,
    "кафе": 0.16666666666666666,
    "хуй": 0.16666666666666666,
    "Сбережения": 0.16666666666666666
}